-- ============================================
-- DATABASE EXPORT: Chakra System Tables
-- Export Date: 2025-12-21
-- ============================================

-- ============================================
-- Table: users
-- ============================================

INSERT INTO users (id, name, email, password_hash, role, chakra_id, created_at, updated_at, telegram_id, telegram_username, is_admin, telegram_group_id) VALUES
(2, 'Татьяна', 'tatyana@placeholder.local', NULL, 'responsible', 1, '2025-11-23 15:50:40.332865', '2025-11-23 15:50:40.332865', '987654321', 'Татьяна', FALSE, '-1001234567890'),
(3, 'Ира Цветкова', 'ira.tsvetkova@placeholder.local', NULL, 'responsible', 2, '2025-11-23 15:50:40.332865', '2025-11-23 15:50:40.332865', NULL, 'IrinaZvet', FALSE, NULL),
(4, 'Денис', 'denis@placeholder.local', NULL, 'responsible', 2, '2025-11-23 15:50:40.332865', '2025-11-23 15:50:40.332865', NULL, 'Rodenerg', FALSE, NULL),
(5, 'Светлана Целитель', 'svetlana.tselitel@placeholder.local', NULL, 'responsible', 3, '2025-11-23 15:50:40.332865', '2025-11-23 15:50:40.332865', NULL, 'Svetlichok2611', FALSE, NULL),
(6, 'Наталья Великая', 'natalya.velikaya@placeholder.local', NULL, 'responsible', 4, '2025-11-23 15:50:40.332865', '2025-11-23 15:50:40.332865', '123456789', 'velikaya_nataliya', TRUE, '-1001234567890'),
(7, 'Ангелина Астахова', 'angelina.astahova@placeholder.local', NULL, 'responsible', 5, '2025-11-23 15:50:40.332865', '2025-11-23 15:50:40.332865', NULL, 'AngelinaAst', FALSE, NULL),
(8, 'Наташа', 'natasha@placeholder.local', NULL, 'responsible', 6, '2025-11-23 15:50:40.332865', '2025-11-23 15:50:40.332865', NULL, 'natalidolzh78', FALSE, NULL),
(9, 'Андрей Казаков', 'andrey.kazakov@placeholder.local', NULL, 'responsible', 7, '2025-11-23 15:50:40.332865', '2025-11-23 15:50:40.332865', NULL, 'andrey_kazakoff', FALSE, NULL),
(10, 'Евгений Белов', 'admin@test.com', NULL, 'admin', 4, '2025-11-24 04:24:29.242782', '2025-11-24 04:24:29.242782', NULL, 'masterbe1968', TRUE, '-1001234567890');

-- ============================================
-- Table: chakras
-- ============================================

INSERT INTO chakras (id, name, position, color, symbol_url, continent, right_statement, status, responsible_user_id, created_at, updated_at) VALUES
(1, 'Муладхара', 1, '#E31E24', NULL, 'Антарктида', 'Я имею право действовать', 'draft', 2, '2025-11-23 11:27:39.499705', '2025-11-23 11:27:39.499705'),
(2, 'Свадхистана', 2, '#FF6B00', NULL, 'Европа', 'Я имею право чувствовать и хотеть', 'draft', 3, '2025-11-23 11:27:39.499705', '2025-11-23 11:27:39.499705'),
(3, 'Манипура', 3, '#FFD700', NULL, 'Азия', 'Я имею право быть здесь и иметь', 'draft', 5, '2025-11-23 11:27:39.499705', '2025-11-23 11:27:39.499705'),
(4, 'Анахата', 4, '#00A86B', NULL, 'Африка', 'Я имею право любить и быть любимым', 'draft', 6, '2025-11-23 11:27:39.499705', '2025-11-23 11:27:39.499705'),
(5, 'Вишудха', 5, '#00BFFF', NULL, 'Северная Америка', 'Я имею право говорить и быть услышанным', 'draft', 7, '2025-11-23 11:27:39.499705', '2025-11-23 11:27:39.499705'),
(6, 'Аджна', 6, '#0066CC', NULL, 'Южная Америка', 'Я имею право видеть', 'draft', 8, '2025-11-23 11:27:39.499705', '2025-11-23 11:27:39.499705'),
(7, 'Сахасрара', 7, '#9370DB', NULL, 'Австралия', 'Я имею право знать, что происходит', 'draft', 9, '2025-11-23 11:27:39.499705', '2025-11-23 11:27:39.499705');

-- ============================================
-- Table: chakra_basic_needs
-- ============================================

INSERT INTO chakra_basic_needs (id, chakra_id, basic_need, description, user_id, created_at) VALUES
(6, 1, 'Желание жить', 'Базовая потребность в жизненной энергии и воле к существованию', 2, '2025-12-03 10:49:46.758931'),
(7, 1, 'Сон', 'Потребность в качественном отдыхе и восстановлении', 2, '2025-12-03 10:49:46.758931'),
(8, 1, 'Еда', 'Потребность в питании и насыщении', 2, '2025-12-03 10:49:46.758931'),
(9, 1, 'Движение', 'Потребность в физической активности и движении тела', 2, '2025-12-03 10:49:46.758931'),
(10, 1, 'Быть хорош(им)(ей)', 'Потребность в одобрении и принятии со стороны других', 2, '2025-12-03 10:49:46.758931'),
(11, 6, 'Проявление', '', 8, '2025-12-05 15:11:44.491549'),
(12, 6, 'Бумажки', '', 8, '2025-12-05 17:31:52.625523'),
(13, 1, 'Секс', '(простое тыканье)', 2, '2025-12-06 14:46:41.521504');

-- ============================================
-- Table: chakra_concepts
-- ============================================

INSERT INTO chakra_concepts (id, chakra_id, concept, category, created_at, user_id) VALUES
(1, 1, 'Гармония', 'основная', '2025-11-23 15:06:11.702987', 2),
(2, 1, 'Жизнь', 'основная', '2025-11-23 15:06:11.702987', 2),
(3, 1, 'Импульс', 'основная', '2025-11-23 15:06:11.702987', 2),
(4, 1, 'Стыд/Вина', 'основная', '2025-11-23 15:06:11.702987', 2),
(5, 1, 'Справедливость', 'основная', '2025-11-23 15:06:11.702987', 2),
(6, 1, 'Частоты', 'основная', '2025-11-23 15:06:11.702987', 2),
(7, 1, 'Циклы', 'основная', '2025-11-23 15:06:11.702987', 2),
(8, 1, 'Смерть', 'основная', '2025-11-23 15:06:11.702987', 2),
(9, 2, 'Присутствие', 'основная', '2025-11-23 15:06:11.722713', 3),
(10, 2, 'Пространство личное', 'основная', '2025-11-23 15:06:11.722713', 3),
(11, 2, 'Границы личные', 'основная', '2025-11-23 15:06:11.722713', 3),
(12, 2, 'Границы функций', 'основная', '2025-11-23 15:06:11.722713', 3),
(13, 2, 'Комфорт', 'основная', '2025-11-23 15:06:11.722713', 3),
(14, 2, 'Осознанность', 'основная', '2025-11-23 15:06:11.722713', 3),
(15, 2, 'Веселье', 'основная', '2025-11-23 15:06:11.722713', 3),
(16, 2, 'Прибыль', 'основная', '2025-11-23 15:06:11.722713', 3),
(17, 2, 'Прибыль', 'дополнительная', '2025-11-23 15:06:11.722713', 4),
(18, 3, 'Коны Бытия', 'основная', '2025-11-23 15:06:11.739755', 5),
(19, 3, 'Время', 'основная', '2025-11-23 15:06:11.739755', 5),
(20, 3, 'Свобода Воли', 'основная', '2025-11-23 15:06:11.739755', 5),
(21, 3, 'Божественная Воля', 'основная', '2025-11-23 15:06:11.739755', 5),
(22, 3, 'Выбор', 'основная', '2025-11-23 15:06:11.739755', 5),
(23, 3, 'Страх', 'основная', '2025-11-23 15:06:11.739755', 5),
(24, 4, 'Любовь к себе', 'основная', '2025-11-23 15:06:11.762146', 6),
(25, 4, 'Безусловная любовь', 'основная', '2025-11-23 15:06:11.762146', 6),
(26, 4, 'Агрессия', 'основная', '2025-11-23 15:06:11.762146', 6),
(27, 4, 'Жестокость', 'основная', '2025-11-23 15:06:11.762146', 6),
(28, 4, 'Принятие решения', 'основная', '2025-11-23 15:06:11.762146', 6),
(29, 4, 'Контакт', 'основная', '2025-11-23 15:06:11.762146', 6),
(30, 4, 'Взаимодействие', 'основная', '2025-11-23 15:06:11.762146', 6),
(31, 4, 'Отношения', 'основная', '2025-11-23 15:06:11.762146', 6),
(32, 4, 'Правосудие', 'основная', '2025-11-23 15:06:11.762146', 6),
(34, 5, 'Проявление', 'основная', '2025-11-23 15:06:11.790345', 7),
(35, 5, 'Самоопределение', 'основная', '2025-11-23 15:06:11.790345', 7),
(36, 5, 'Определение', 'основная', '2025-11-23 15:06:11.790345', 7),
(37, 5, 'Логос', 'основная', '2025-11-23 15:06:11.790345', 7),
(38, 5, 'Диалог', 'основная', '2025-11-23 15:06:11.790345', 7),
(39, 5, 'Культура общения', 'основная', '2025-11-23 15:06:11.790345', 7),
(40, 5, 'Речь', 'основная', '2025-11-23 15:06:11.790345', 7),
(41, 5, 'ДНК', 'основная', '2025-11-23 15:06:11.790345', 7),
(42, 6, 'Счастье', 'основная', '2025-11-23 15:06:11.830789', 8),
(43, 6, 'Эволюция', 'основная', '2025-11-23 15:06:11.830789', 8),
(44, 7, 'Деньги', 'основная', '2025-11-23 15:06:11.851288', 9),
(45, 7, 'Миссия', 'основная', '2025-11-23 15:06:11.851288', 9),
(46, 7, 'Фокус внимания', 'основная', '2025-11-23 15:06:11.851288', 9),
(47, 7, 'Внимание', 'основная', '2025-11-23 15:06:11.851288', 9),
(48, 7, 'Власть', 'основная', '2025-11-23 15:06:11.851288', 9),
(49, 7, 'Влияние', 'основная', '2025-11-23 15:06:11.851288', 9),
(50, 7, 'Созидание', 'основная', '2025-11-23 15:06:11.851288', 9),
(51, 7, 'Завершение', 'основная', '2025-11-23 15:06:11.851288', 9),
(52, 7, 'Результат', 'основная', '2025-11-23 15:06:11.851288', 9),
(53, 7, 'Соответствие', 'Основная', '2025-11-24 12:25:25.744448', 9),
(54, 5, 'Корректность', 'Основная', '2025-12-01 17:17:15.722069', 7),
(55, 1, 'Бытия', 'Основная', '2025-12-01 17:19:53.247628', 2),
(56, 1, 'Звучания (радиоволны)', 'Основная', '2025-12-01 17:20:24.086900', 2),
(57, 2, '', '', '2025-12-02 09:53:45.909569', 4),
(58, 6, 'Знание', 'Основная', '2025-12-02 18:33:12.092521', 8),
(59, 7, 'Разум', 'Основная', '2025-12-02 18:33:37.423893', 9),
(60, 4, 'Доказательство ( фактчекинг)', 'Основная', '2025-12-02 18:39:25.159702', 6),
(61, 6, 'Ненависть', 'Основная', '2025-12-05 17:32:13.376758', 8),
(62, 3, 'Чудо', 'Основная', '2025-12-06 06:17:23.990217', 5);

-- ============================================
-- Table: chakra_organs
-- ============================================

INSERT INTO chakra_organs (id, chakra_id, organ_name, description, created_at, user_id) VALUES
(2, 3, 'Желудок', NULL, '2025-11-23 15:06:27.645319', 5),
(3, 3, 'Печень', NULL, '2025-11-23 15:06:27.645319', 5),
(4, 3, 'Селезенка', NULL, '2025-11-23 15:06:27.645319', 5),
(5, 4, 'Грудная клетка', NULL, '2025-11-23 15:06:27.645319', 6),
(6, 4, 'Сердце', NULL, '2025-11-23 15:06:27.645319', 6),
(7, 4, 'Легкие', NULL, '2025-11-23 15:06:27.645319', 6),
(8, 4, 'Руки', NULL, '2025-11-23 15:06:27.645319', 6),
(9, 4, 'ВСД', NULL, '2025-11-23 15:06:27.645319', 6),
(10, 5, 'Горло', NULL, '2025-11-23 15:06:27.645319', 7),
(11, 5, 'Трахея', NULL, '2025-11-23 15:06:27.645319', 7),
(12, 5, 'Щитовидная железа', NULL, '2025-11-23 15:06:27.645319', 7),
(13, 5, 'Шея', NULL, '2025-11-23 15:06:27.645319', 7),
(14, 5, 'Язык', NULL, '2025-11-23 15:06:27.645319', 7),
(15, 5, 'Зубы', NULL, '2025-11-23 15:06:27.645319', 7),
(16, 5, 'Рот', NULL, '2025-11-23 15:06:27.645319', 7),
(18, 1, 'Ноги', '', '2025-12-01 17:20:38.363080', 2),
(21, 1, 'Половые органы', 'Влагалище, Пенис, Яичники, Яички', '2025-12-01 17:33:13.285248', 2),
(22, 2, 'Матка', '', '2025-12-01 17:33:32.063013', 3),
(23, 2, 'Простата', '', '2025-12-01 17:33:45.183422', 3),
(24, 1, 'Мочевой пузырь', '', '2025-12-01 17:34:20.941242', 2);

-- ============================================
-- Table: chakra_questions
-- ============================================

INSERT INTO chakra_questions (id, chakra_id, question, is_resolved, created_at, user_id) VALUES
(1, 1, 'Тело (режим, здоровье, еда)', FALSE, '2025-11-23 15:06:27.664566', 2),
(2, 1, 'Гигиена/чистота', FALSE, '2025-11-23 15:06:27.664566', 2),
(3, 1, 'Целительств о 4', FALSE, '2025-11-23 15:06:27.664566', 2),
(4, 2, 'Разум? Материализация? (пересечение с 4)', FALSE, '2025-11-23 15:06:27.664566', 3),
(5, 4, 'Материализация? (пересечение с 2)', FALSE, '2025-11-23 15:06:27.664566', 6),
(6, 5, 'Галактическая частп?', FALSE, '2025-11-23 15:06:27.664566', 7);

-- ============================================
-- Table: chakra_responsibilities
-- ============================================

INSERT INTO chakra_responsibilities (id, chakra_id, responsibility, category, created_at, user_id) VALUES
(1, 1, 'Государство', 'Зона ответственности', '2025-11-23 15:06:27.606708', 2),
(2, 3, 'Законы', 'Зона ответственности', '2025-11-23 15:06:27.606708', 5);

-- ============================================
-- Table: chakra_sciences
-- ============================================

INSERT INTO chakra_sciences (id, chakra_id, science_name, description, created_at, user_id) VALUES
(1, 3, 'Химия', NULL, '2025-11-23 15:06:27.622972', 5),
(2, 4, 'Физика', NULL, '2025-11-23 15:06:27.622972', 6),
(3, 4, 'Обществознание', NULL, '2025-11-23 15:06:27.622972', 6),
(4, 4, 'Семейный кодекс', NULL, '2025-11-23 15:06:27.622972', 6),
(5, 5, 'Русский язык', NULL, '2025-11-23 15:06:27.622972', 7),
(6, 5, 'Литература', NULL, '2025-11-23 15:06:27.622972', 7),
(7, 5, 'Ораторское искусство', NULL, '2025-11-23 15:06:27.622972', 7),
(8, 1, 'Биологоия', '', '2025-11-24 16:25:45.403177', 2),
(9, 1, 'Анатомия', '', '2025-11-24 16:26:00.460613', 2),
(10, 1, 'водород, гелий, литий, бериллий, бор', '5 первых химических элементов: водород, гелий, литий, бериллий, бор', '2025-12-01 17:22:23.291672', 2),
(11, 5, 'Риторика', '', '2025-12-01 17:25:09.894843', 7);

-- ============================================
-- Notes:
-- - chakra_edit_history table contains 137 rows of edit history
--   (not included due to size, but available if needed)
-- - All timestamps are in UTC
-- - NULL values are preserved as-is
-- ============================================
